var_name,var_type,value,fractional_flag
Y_Patch1_Beef,C,0.0,False
Y_Patch1_Chicken,C,0.0,False
Y_Patch1_Egg,C,0.0,False
Y_Patch1_Lamb,C,0.0,False
Y_Patch1_Pork,C,0.0,False
Y_Patch1_Apple,C,0.0,False
Y_Patch1_Avocado,C,0.0,False
Y_Patch1_Banana,C,0.0,False
Y_Patch1_Durian,C,0.0,False
Y_Patch1_Guava,C,0.0,False
Y_Patch1_Mango,C,0.0,False
Y_Patch1_Orange,C,0.0,False
Y_Patch1_Papaya,C,0.0,False
Y_Patch1_Watermelon,C,0.0,False
Y_Patch1_Chickpeas,C,0.0,False
Y_Patch1_Peanuts,C,0.0,False
Y_Patch1_Tempeh,C,0.0,False
Y_Patch1_Tofu,C,0.0,False
Y_Patch1_Corn,C,0.0,False
Y_Patch1_Potato,C,0.0,False
Y_Patch1_Cabbage,C,0.0,False
Y_Patch1_Cucumber,C,0.0,False
Y_Patch1_Eggplant,C,0.0,False
Y_Patch1_Long_bean,C,0.0,False
Y_Patch1_Pumpkin,C,0.0,False
Y_Patch1_Spinach,C,1.0,False
Y_Patch1_Tomatoes,C,0.0,False
Y_Patch2_Beef,C,0.0,False
Y_Patch2_Chicken,C,0.0,False
Y_Patch2_Egg,C,0.0,False
Y_Patch2_Lamb,C,0.0,False
Y_Patch2_Pork,C,0.0,False
Y_Patch2_Apple,C,0.0,False
Y_Patch2_Avocado,C,0.0,False
Y_Patch2_Banana,C,0.0,False
Y_Patch2_Durian,C,0.0,False
Y_Patch2_Guava,C,0.0,False
Y_Patch2_Mango,C,0.0,False
Y_Patch2_Orange,C,0.0,False
Y_Patch2_Papaya,C,0.0,False
Y_Patch2_Watermelon,C,0.0,False
Y_Patch2_Chickpeas,C,0.0,False
Y_Patch2_Peanuts,C,0.0,False
Y_Patch2_Tempeh,C,0.0,False
Y_Patch2_Tofu,C,0.0,False
Y_Patch2_Corn,C,0.0,False
Y_Patch2_Potato,C,0.0,False
Y_Patch2_Cabbage,C,0.0,False
Y_Patch2_Cucumber,C,0.0,False
Y_Patch2_Eggplant,C,0.0,False
Y_Patch2_Long_bean,C,0.0,False
Y_Patch2_Pumpkin,C,0.0,False
Y_Patch2_Spinach,C,1.0,False
Y_Patch2_Tomatoes,C,0.0,False
Y_Patch3_Beef,C,0.0,False
Y_Patch3_Chicken,C,0.0,False
Y_Patch3_Egg,C,0.0,False
Y_Patch3_Lamb,C,0.0,False
Y_Patch3_Pork,C,0.0,False
Y_Patch3_Apple,C,0.0,False
Y_Patch3_Avocado,C,0.0,False
Y_Patch3_Banana,C,0.0,False
Y_Patch3_Durian,C,0.0,False
Y_Patch3_Guava,C,0.0,False
Y_Patch3_Mango,C,0.0,False
Y_Patch3_Orange,C,0.0,False
Y_Patch3_Papaya,C,0.0,False
Y_Patch3_Watermelon,C,0.0,False
Y_Patch3_Chickpeas,C,0.0,False
Y_Patch3_Peanuts,C,0.0,False
Y_Patch3_Tempeh,C,0.0,False
Y_Patch3_Tofu,C,0.0,False
Y_Patch3_Corn,C,0.0,False
Y_Patch3_Potato,C,0.0,False
Y_Patch3_Cabbage,C,0.0,False
Y_Patch3_Cucumber,C,0.0,False
Y_Patch3_Eggplant,C,0.0,False
Y_Patch3_Long_bean,C,0.0,False
Y_Patch3_Pumpkin,C,0.0,False
Y_Patch3_Spinach,C,1.0,False
Y_Patch3_Tomatoes,C,0.0,False
Y_Patch4_Beef,C,0.0,False
Y_Patch4_Chicken,C,0.0,False
Y_Patch4_Egg,C,0.0,False
Y_Patch4_Lamb,C,0.0,False
Y_Patch4_Pork,C,0.0,False
Y_Patch4_Apple,C,0.0,False
Y_Patch4_Avocado,C,0.0,False
Y_Patch4_Banana,C,0.0,False
Y_Patch4_Durian,C,0.0,False
Y_Patch4_Guava,C,0.0,False
Y_Patch4_Mango,C,0.0,False
Y_Patch4_Orange,C,0.0,False
Y_Patch4_Papaya,C,0.0,False
Y_Patch4_Watermelon,C,0.0,False
Y_Patch4_Chickpeas,C,0.0,False
Y_Patch4_Peanuts,C,0.0,False
Y_Patch4_Tempeh,C,0.0,False
Y_Patch4_Tofu,C,0.0,False
Y_Patch4_Corn,C,0.0,False
Y_Patch4_Potato,C,0.0,False
Y_Patch4_Cabbage,C,0.0,False
Y_Patch4_Cucumber,C,0.0,False
Y_Patch4_Eggplant,C,0.0,False
Y_Patch4_Long_bean,C,0.0,False
Y_Patch4_Pumpkin,C,0.0,False
Y_Patch4_Spinach,C,1.0,False
Y_Patch4_Tomatoes,C,0.0,False
Y_Patch5_Beef,C,0.0,False
Y_Patch5_Chicken,C,0.0,False
Y_Patch5_Egg,C,0.0,False
Y_Patch5_Lamb,C,0.0,False
Y_Patch5_Pork,C,0.0,False
Y_Patch5_Apple,C,0.0,False
Y_Patch5_Avocado,C,0.0,False
Y_Patch5_Banana,C,0.0,False
Y_Patch5_Durian,C,0.0,False
Y_Patch5_Guava,C,0.0,False
Y_Patch5_Mango,C,0.0,False
Y_Patch5_Orange,C,0.0,False
Y_Patch5_Papaya,C,0.0,False
Y_Patch5_Watermelon,C,0.0,False
Y_Patch5_Chickpeas,C,0.0,False
Y_Patch5_Peanuts,C,0.0,False
Y_Patch5_Tempeh,C,0.0,False
Y_Patch5_Tofu,C,0.0,False
Y_Patch5_Corn,C,0.0,False
Y_Patch5_Potato,C,0.0,False
Y_Patch5_Cabbage,C,0.0,False
Y_Patch5_Cucumber,C,0.0,False
Y_Patch5_Eggplant,C,0.0,False
Y_Patch5_Long_bean,C,0.0,False
Y_Patch5_Pumpkin,C,0.0,False
Y_Patch5_Spinach,C,1.0,False
Y_Patch5_Tomatoes,C,0.0,False
Y_Patch6_Beef,C,0.0,False
Y_Patch6_Chicken,C,0.0,False
Y_Patch6_Egg,C,0.0,False
Y_Patch6_Lamb,C,0.0,False
Y_Patch6_Pork,C,0.0,False
Y_Patch6_Apple,C,0.0,False
Y_Patch6_Avocado,C,0.0,False
Y_Patch6_Banana,C,0.0,False
Y_Patch6_Durian,C,0.0,False
Y_Patch6_Guava,C,0.0,False
Y_Patch6_Mango,C,0.0,False
Y_Patch6_Orange,C,0.0,False
Y_Patch6_Papaya,C,0.0,False
Y_Patch6_Watermelon,C,0.0,False
Y_Patch6_Chickpeas,C,0.0,False
Y_Patch6_Peanuts,C,0.0,False
Y_Patch6_Tempeh,C,0.0,False
Y_Patch6_Tofu,C,0.0,False
Y_Patch6_Corn,C,0.0,False
Y_Patch6_Potato,C,0.0,False
Y_Patch6_Cabbage,C,0.0,False
Y_Patch6_Cucumber,C,0.0,False
Y_Patch6_Eggplant,C,0.0,False
Y_Patch6_Long_bean,C,0.0,False
Y_Patch6_Pumpkin,C,0.0,False
Y_Patch6_Spinach,C,1.0,False
Y_Patch6_Tomatoes,C,0.0,False
Y_Patch7_Beef,C,0.0,False
Y_Patch7_Chicken,C,0.0,False
Y_Patch7_Egg,C,0.0,False
Y_Patch7_Lamb,C,0.0,False
Y_Patch7_Pork,C,0.0,False
Y_Patch7_Apple,C,0.0,False
Y_Patch7_Avocado,C,0.0,False
Y_Patch7_Banana,C,0.0,False
Y_Patch7_Durian,C,0.0,False
Y_Patch7_Guava,C,0.0,False
Y_Patch7_Mango,C,0.0,False
Y_Patch7_Orange,C,0.0,False
Y_Patch7_Papaya,C,0.0,False
Y_Patch7_Watermelon,C,0.0,False
Y_Patch7_Chickpeas,C,0.0,False
Y_Patch7_Peanuts,C,0.0,False
Y_Patch7_Tempeh,C,0.0,False
Y_Patch7_Tofu,C,0.0,False
Y_Patch7_Corn,C,0.0,False
Y_Patch7_Potato,C,0.0,False
Y_Patch7_Cabbage,C,0.0,False
Y_Patch7_Cucumber,C,0.0,False
Y_Patch7_Eggplant,C,0.0,False
Y_Patch7_Long_bean,C,0.0,False
Y_Patch7_Pumpkin,C,0.0,False
Y_Patch7_Spinach,C,1.0,False
Y_Patch7_Tomatoes,C,0.0,False
Y_Patch8_Beef,C,0.0,False
Y_Patch8_Chicken,C,0.0,False
Y_Patch8_Egg,C,0.0,False
Y_Patch8_Lamb,C,0.0,False
Y_Patch8_Pork,C,0.0,False
Y_Patch8_Apple,C,0.0,False
Y_Patch8_Avocado,C,0.0,False
Y_Patch8_Banana,C,0.0,False
Y_Patch8_Durian,C,0.0,False
Y_Patch8_Guava,C,0.0,False
Y_Patch8_Mango,C,0.0,False
Y_Patch8_Orange,C,0.0,False
Y_Patch8_Papaya,C,0.0,False
Y_Patch8_Watermelon,C,0.0,False
Y_Patch8_Chickpeas,C,0.0,False
Y_Patch8_Peanuts,C,0.0,False
Y_Patch8_Tempeh,C,0.0,False
Y_Patch8_Tofu,C,0.0,False
Y_Patch8_Corn,C,0.0,False
Y_Patch8_Potato,C,0.0,False
Y_Patch8_Cabbage,C,0.0,False
Y_Patch8_Cucumber,C,0.0,False
Y_Patch8_Eggplant,C,0.0,False
Y_Patch8_Long_bean,C,0.0,False
Y_Patch8_Pumpkin,C,0.0,False
Y_Patch8_Spinach,C,1.0,False
Y_Patch8_Tomatoes,C,0.0,False
Y_Patch9_Beef,C,0.0,False
Y_Patch9_Chicken,C,0.0,False
Y_Patch9_Egg,C,0.0,False
Y_Patch9_Lamb,C,0.0,False
Y_Patch9_Pork,C,0.0,False
Y_Patch9_Apple,C,0.0,False
Y_Patch9_Avocado,C,0.0,False
Y_Patch9_Banana,C,0.0,False
Y_Patch9_Durian,C,0.0,False
Y_Patch9_Guava,C,0.0,False
Y_Patch9_Mango,C,0.0,False
Y_Patch9_Orange,C,0.0,False
Y_Patch9_Papaya,C,0.0,False
Y_Patch9_Watermelon,C,0.0,False
Y_Patch9_Chickpeas,C,0.0,False
Y_Patch9_Peanuts,C,0.0,False
Y_Patch9_Tempeh,C,0.0,False
Y_Patch9_Tofu,C,0.0,False
Y_Patch9_Corn,C,0.0,False
Y_Patch9_Potato,C,0.0,False
Y_Patch9_Cabbage,C,0.0,False
Y_Patch9_Cucumber,C,0.0,False
Y_Patch9_Eggplant,C,0.0,False
Y_Patch9_Long_bean,C,0.0,False
Y_Patch9_Pumpkin,C,0.0,False
Y_Patch9_Spinach,C,1.0,False
Y_Patch9_Tomatoes,C,0.0,False
Y_Patch10_Beef,C,0.0,False
Y_Patch10_Chicken,C,0.0,False
Y_Patch10_Egg,C,0.0,False
Y_Patch10_Lamb,C,0.0,False
Y_Patch10_Pork,C,0.0,False
Y_Patch10_Apple,C,0.0,False
Y_Patch10_Avocado,C,0.0,False
Y_Patch10_Banana,C,0.0,False
Y_Patch10_Durian,C,0.0,False
Y_Patch10_Guava,C,0.0,False
Y_Patch10_Mango,C,0.0,False
Y_Patch10_Orange,C,0.0,False
Y_Patch10_Papaya,C,0.0,False
Y_Patch10_Watermelon,C,0.0,False
Y_Patch10_Chickpeas,C,0.0,False
Y_Patch10_Peanuts,C,0.0,False
Y_Patch10_Tempeh,C,0.0,False
Y_Patch10_Tofu,C,0.0,False
Y_Patch10_Corn,C,0.0,False
Y_Patch10_Potato,C,0.0,False
Y_Patch10_Cabbage,C,0.0,False
Y_Patch10_Cucumber,C,0.0,False
Y_Patch10_Eggplant,C,0.0,False
Y_Patch10_Long_bean,C,0.0,False
Y_Patch10_Pumpkin,C,0.0,False
Y_Patch10_Spinach,C,1.0,False
Y_Patch10_Tomatoes,C,0.0,False
Y_Patch11_Beef,C,0.0,False
Y_Patch11_Chicken,C,0.0,False
Y_Patch11_Egg,C,0.0,False
Y_Patch11_Lamb,C,0.0,False
Y_Patch11_Pork,C,0.0,False
Y_Patch11_Apple,C,0.0,False
Y_Patch11_Avocado,C,0.0,False
Y_Patch11_Banana,C,0.0,False
Y_Patch11_Durian,C,0.0,False
Y_Patch11_Guava,C,0.0,False
Y_Patch11_Mango,C,0.0,False
Y_Patch11_Orange,C,0.0,False
Y_Patch11_Papaya,C,0.0,False
Y_Patch11_Watermelon,C,0.0,False
Y_Patch11_Chickpeas,C,0.0,False
Y_Patch11_Peanuts,C,0.0,False
Y_Patch11_Tempeh,C,0.0,False
Y_Patch11_Tofu,C,0.0,False
Y_Patch11_Corn,C,0.0,False
Y_Patch11_Potato,C,0.0,False
Y_Patch11_Cabbage,C,0.0,False
Y_Patch11_Cucumber,C,0.0,False
Y_Patch11_Eggplant,C,0.0,False
Y_Patch11_Long_bean,C,0.0,False
Y_Patch11_Pumpkin,C,0.0,False
Y_Patch11_Spinach,C,1.0,False
Y_Patch11_Tomatoes,C,0.0,False
Y_Patch12_Beef,C,0.0,False
Y_Patch12_Chicken,C,0.0,False
Y_Patch12_Egg,C,0.0,False
Y_Patch12_Lamb,C,0.0,False
Y_Patch12_Pork,C,0.0,False
Y_Patch12_Apple,C,0.0,False
Y_Patch12_Avocado,C,0.0,False
Y_Patch12_Banana,C,0.0,False
Y_Patch12_Durian,C,0.0,False
Y_Patch12_Guava,C,0.0,False
Y_Patch12_Mango,C,0.0,False
Y_Patch12_Orange,C,0.0,False
Y_Patch12_Papaya,C,0.0,False
Y_Patch12_Watermelon,C,0.0,False
Y_Patch12_Chickpeas,C,1.0,False
Y_Patch12_Peanuts,C,0.0,False
Y_Patch12_Tempeh,C,0.0,False
Y_Patch12_Tofu,C,0.0,False
Y_Patch12_Corn,C,0.0,False
Y_Patch12_Potato,C,0.0,False
Y_Patch12_Cabbage,C,0.0,False
Y_Patch12_Cucumber,C,0.0,False
Y_Patch12_Eggplant,C,0.0,False
Y_Patch12_Long_bean,C,0.0,False
Y_Patch12_Pumpkin,C,0.0,False
Y_Patch12_Spinach,C,0.0,False
Y_Patch12_Tomatoes,C,0.0,False
Y_Patch13_Beef,C,0.0,False
Y_Patch13_Chicken,C,0.0,False
Y_Patch13_Egg,C,0.0,False
Y_Patch13_Lamb,C,0.0,False
Y_Patch13_Pork,C,0.0,False
Y_Patch13_Apple,C,0.0,False
Y_Patch13_Avocado,C,0.0,False
Y_Patch13_Banana,C,0.0,False
Y_Patch13_Durian,C,0.0,False
Y_Patch13_Guava,C,0.0,False
Y_Patch13_Mango,C,0.0,False
Y_Patch13_Orange,C,0.0,False
Y_Patch13_Papaya,C,0.0,False
Y_Patch13_Watermelon,C,0.0,False
Y_Patch13_Chickpeas,C,0.0,False
Y_Patch13_Peanuts,C,0.0,False
Y_Patch13_Tempeh,C,0.0,False
Y_Patch13_Tofu,C,0.0,False
Y_Patch13_Corn,C,0.0,False
Y_Patch13_Potato,C,0.0,False
Y_Patch13_Cabbage,C,0.0,False
Y_Patch13_Cucumber,C,0.0,False
Y_Patch13_Eggplant,C,0.0,False
Y_Patch13_Long_bean,C,0.0,False
Y_Patch13_Pumpkin,C,0.0,False
Y_Patch13_Spinach,C,1.0,False
Y_Patch13_Tomatoes,C,0.0,False
Y_Patch14_Beef,C,0.0,False
Y_Patch14_Chicken,C,0.0,False
Y_Patch14_Egg,C,0.0,False
Y_Patch14_Lamb,C,0.0,False
Y_Patch14_Pork,C,0.0,False
Y_Patch14_Apple,C,0.0,False
Y_Patch14_Avocado,C,0.0,False
Y_Patch14_Banana,C,0.0,False
Y_Patch14_Durian,C,0.0,False
Y_Patch14_Guava,C,0.0,False
Y_Patch14_Mango,C,0.0,False
Y_Patch14_Orange,C,0.0,False
Y_Patch14_Papaya,C,0.0,False
Y_Patch14_Watermelon,C,0.0,False
Y_Patch14_Chickpeas,C,0.0,False
Y_Patch14_Peanuts,C,0.0,False
Y_Patch14_Tempeh,C,0.0,False
Y_Patch14_Tofu,C,0.0,False
Y_Patch14_Corn,C,0.0,False
Y_Patch14_Potato,C,0.0,False
Y_Patch14_Cabbage,C,0.0,False
Y_Patch14_Cucumber,C,0.0,False
Y_Patch14_Eggplant,C,0.0,False
Y_Patch14_Long_bean,C,0.0,False
Y_Patch14_Pumpkin,C,0.0,False
Y_Patch14_Spinach,C,1.0,False
Y_Patch14_Tomatoes,C,0.0,False
Y_Patch15_Beef,C,0.0,False
Y_Patch15_Chicken,C,0.0,False
Y_Patch15_Egg,C,0.0,False
Y_Patch15_Lamb,C,0.0,False
Y_Patch15_Pork,C,0.0,False
Y_Patch15_Apple,C,0.0,False
Y_Patch15_Avocado,C,0.0,False
Y_Patch15_Banana,C,0.0,False
Y_Patch15_Durian,C,0.0,False
Y_Patch15_Guava,C,0.0,False
Y_Patch15_Mango,C,0.0,False
Y_Patch15_Orange,C,0.0,False
Y_Patch15_Papaya,C,0.0,False
Y_Patch15_Watermelon,C,0.0,False
Y_Patch15_Chickpeas,C,0.0,False
Y_Patch15_Peanuts,C,0.0,False
Y_Patch15_Tempeh,C,0.0,False
Y_Patch15_Tofu,C,0.0,False
Y_Patch15_Corn,C,0.0,False
Y_Patch15_Potato,C,0.0,False
Y_Patch15_Cabbage,C,0.0,False
Y_Patch15_Cucumber,C,0.0,False
Y_Patch15_Eggplant,C,0.0,False
Y_Patch15_Long_bean,C,0.0,False
Y_Patch15_Pumpkin,C,0.0,False
Y_Patch15_Spinach,C,1.0,False
Y_Patch15_Tomatoes,C,0.0,False
Y_Patch16_Beef,C,0.0,False
Y_Patch16_Chicken,C,0.0,False
Y_Patch16_Egg,C,0.0,False
Y_Patch16_Lamb,C,0.0,False
Y_Patch16_Pork,C,0.0,False
Y_Patch16_Apple,C,0.0,False
Y_Patch16_Avocado,C,0.0,False
Y_Patch16_Banana,C,0.0,False
Y_Patch16_Durian,C,0.0,False
Y_Patch16_Guava,C,0.0,False
Y_Patch16_Mango,C,0.0,False
Y_Patch16_Orange,C,0.0,False
Y_Patch16_Papaya,C,0.0,False
Y_Patch16_Watermelon,C,0.0,False
Y_Patch16_Chickpeas,C,0.0,False
Y_Patch16_Peanuts,C,0.0,False
Y_Patch16_Tempeh,C,0.0,False
Y_Patch16_Tofu,C,0.0,False
Y_Patch16_Corn,C,0.0,False
Y_Patch16_Potato,C,1.0,False
Y_Patch16_Cabbage,C,0.0,False
Y_Patch16_Cucumber,C,0.0,False
Y_Patch16_Eggplant,C,0.0,False
Y_Patch16_Long_bean,C,0.0,False
Y_Patch16_Pumpkin,C,0.0,False
Y_Patch16_Spinach,C,0.0,False
Y_Patch16_Tomatoes,C,0.0,False
Y_Patch17_Beef,C,0.0,False
Y_Patch17_Chicken,C,0.0,False
Y_Patch17_Egg,C,0.0,False
Y_Patch17_Lamb,C,0.0,False
Y_Patch17_Pork,C,0.0,False
Y_Patch17_Apple,C,0.0,False
Y_Patch17_Avocado,C,0.0,False
Y_Patch17_Banana,C,0.0,False
Y_Patch17_Durian,C,0.0,False
Y_Patch17_Guava,C,0.0,False
Y_Patch17_Mango,C,0.0,False
Y_Patch17_Orange,C,0.0,False
Y_Patch17_Papaya,C,0.0,False
Y_Patch17_Watermelon,C,0.0,False
Y_Patch17_Chickpeas,C,0.0,False
Y_Patch17_Peanuts,C,0.0,False
Y_Patch17_Tempeh,C,0.0,False
Y_Patch17_Tofu,C,0.0,False
Y_Patch17_Corn,C,0.0,False
Y_Patch17_Potato,C,0.0,False
Y_Patch17_Cabbage,C,0.0,False
Y_Patch17_Cucumber,C,0.0,False
Y_Patch17_Eggplant,C,0.0,False
Y_Patch17_Long_bean,C,0.0,False
Y_Patch17_Pumpkin,C,0.0,False
Y_Patch17_Spinach,C,1.0,False
Y_Patch17_Tomatoes,C,0.0,False
Y_Patch18_Beef,C,0.0,False
Y_Patch18_Chicken,C,0.0,False
Y_Patch18_Egg,C,0.0,False
Y_Patch18_Lamb,C,0.0,False
Y_Patch18_Pork,C,0.0,False
Y_Patch18_Apple,C,0.0,False
Y_Patch18_Avocado,C,0.0,False
Y_Patch18_Banana,C,0.0,False
Y_Patch18_Durian,C,0.0,False
Y_Patch18_Guava,C,0.0,False
Y_Patch18_Mango,C,0.0,False
Y_Patch18_Orange,C,0.0,False
Y_Patch18_Papaya,C,0.0,False
Y_Patch18_Watermelon,C,0.0,False
Y_Patch18_Chickpeas,C,0.0,False
Y_Patch18_Peanuts,C,0.0,False
Y_Patch18_Tempeh,C,0.0,False
Y_Patch18_Tofu,C,0.0,False
Y_Patch18_Corn,C,0.0,False
Y_Patch18_Potato,C,0.0,False
Y_Patch18_Cabbage,C,0.0,False
Y_Patch18_Cucumber,C,0.0,False
Y_Patch18_Eggplant,C,0.0,False
Y_Patch18_Long_bean,C,0.0,False
Y_Patch18_Pumpkin,C,0.0,False
Y_Patch18_Spinach,C,1.0,False
Y_Patch18_Tomatoes,C,0.0,False
Y_Patch19_Beef,C,0.0,False
Y_Patch19_Chicken,C,0.0,False
Y_Patch19_Egg,C,0.0,False
Y_Patch19_Lamb,C,0.0,False
Y_Patch19_Pork,C,0.0,False
Y_Patch19_Apple,C,0.0,False
Y_Patch19_Avocado,C,0.0,False
Y_Patch19_Banana,C,0.0,False
Y_Patch19_Durian,C,0.0,False
Y_Patch19_Guava,C,0.0,False
Y_Patch19_Mango,C,0.0,False
Y_Patch19_Orange,C,0.0,False
Y_Patch19_Papaya,C,0.0,False
Y_Patch19_Watermelon,C,0.0,False
Y_Patch19_Chickpeas,C,0.0,False
Y_Patch19_Peanuts,C,0.0,False
Y_Patch19_Tempeh,C,0.0,False
Y_Patch19_Tofu,C,0.0,False
Y_Patch19_Corn,C,0.0,False
Y_Patch19_Potato,C,0.0,False
Y_Patch19_Cabbage,C,0.0,False
Y_Patch19_Cucumber,C,0.0,False
Y_Patch19_Eggplant,C,0.0,False
Y_Patch19_Long_bean,C,0.0,False
Y_Patch19_Pumpkin,C,0.0,False
Y_Patch19_Spinach,C,1.0,False
Y_Patch19_Tomatoes,C,0.0,False
Y_Patch20_Beef,C,0.0,False
Y_Patch20_Chicken,C,0.0,False
Y_Patch20_Egg,C,0.0,False
Y_Patch20_Lamb,C,0.0,False
Y_Patch20_Pork,C,0.0,False
Y_Patch20_Apple,C,0.0,False
Y_Patch20_Avocado,C,0.0,False
Y_Patch20_Banana,C,0.0,False
Y_Patch20_Durian,C,0.0,False
Y_Patch20_Guava,C,0.0,False
Y_Patch20_Mango,C,0.0,False
Y_Patch20_Orange,C,0.0,False
Y_Patch20_Papaya,C,0.0,False
Y_Patch20_Watermelon,C,0.0,False
Y_Patch20_Chickpeas,C,0.0,False
Y_Patch20_Peanuts,C,0.0,False
Y_Patch20_Tempeh,C,0.0,False
Y_Patch20_Tofu,C,0.0,False
Y_Patch20_Corn,C,0.0,False
Y_Patch20_Potato,C,0.0,False
Y_Patch20_Cabbage,C,0.0,False
Y_Patch20_Cucumber,C,0.0,False
Y_Patch20_Eggplant,C,0.0,False
Y_Patch20_Long_bean,C,0.0,False
Y_Patch20_Pumpkin,C,0.0,False
Y_Patch20_Spinach,C,1.0,False
Y_Patch20_Tomatoes,C,0.0,False
Y_Patch21_Beef,C,0.0,False
Y_Patch21_Chicken,C,0.0,False
Y_Patch21_Egg,C,0.0,False
Y_Patch21_Lamb,C,0.0,False
Y_Patch21_Pork,C,0.0,False
Y_Patch21_Apple,C,0.0,False
Y_Patch21_Avocado,C,0.0,False
Y_Patch21_Banana,C,0.0,False
Y_Patch21_Durian,C,0.0,False
Y_Patch21_Guava,C,0.0,False
Y_Patch21_Mango,C,0.0,False
Y_Patch21_Orange,C,0.0,False
Y_Patch21_Papaya,C,0.0,False
Y_Patch21_Watermelon,C,0.0,False
Y_Patch21_Chickpeas,C,0.0,False
Y_Patch21_Peanuts,C,0.0,False
Y_Patch21_Tempeh,C,0.0,False
Y_Patch21_Tofu,C,0.0,False
Y_Patch21_Corn,C,0.0,False
Y_Patch21_Potato,C,0.0,False
Y_Patch21_Cabbage,C,0.0,False
Y_Patch21_Cucumber,C,0.0,False
Y_Patch21_Eggplant,C,0.0,False
Y_Patch21_Long_bean,C,0.0,False
Y_Patch21_Pumpkin,C,0.0,False
Y_Patch21_Spinach,C,1.0,False
Y_Patch21_Tomatoes,C,0.0,False
Y_Patch22_Beef,C,0.0,False
Y_Patch22_Chicken,C,0.0,False
Y_Patch22_Egg,C,0.0,False
Y_Patch22_Lamb,C,0.0,False
Y_Patch22_Pork,C,0.0,False
Y_Patch22_Apple,C,0.0,False
Y_Patch22_Avocado,C,0.0,False
Y_Patch22_Banana,C,0.0,False
Y_Patch22_Durian,C,0.0,False
Y_Patch22_Guava,C,0.0,False
Y_Patch22_Mango,C,0.0,False
Y_Patch22_Orange,C,0.0,False
Y_Patch22_Papaya,C,0.0,False
Y_Patch22_Watermelon,C,0.0,False
Y_Patch22_Chickpeas,C,0.0,False
Y_Patch22_Peanuts,C,0.0,False
Y_Patch22_Tempeh,C,0.0,False
Y_Patch22_Tofu,C,0.0,False
Y_Patch22_Corn,C,0.0,False
Y_Patch22_Potato,C,0.0,False
Y_Patch22_Cabbage,C,0.0,False
Y_Patch22_Cucumber,C,0.0,False
Y_Patch22_Eggplant,C,0.0,False
Y_Patch22_Long_bean,C,0.0,False
Y_Patch22_Pumpkin,C,0.0,False
Y_Patch22_Spinach,C,1.0,False
Y_Patch22_Tomatoes,C,0.0,False
Y_Patch23_Beef,C,0.0,False
Y_Patch23_Chicken,C,0.0,False
Y_Patch23_Egg,C,0.0,False
Y_Patch23_Lamb,C,0.0,False
Y_Patch23_Pork,C,0.0,False
Y_Patch23_Apple,C,0.0,False
Y_Patch23_Avocado,C,0.0,False
Y_Patch23_Banana,C,0.0,False
Y_Patch23_Durian,C,0.0,False
Y_Patch23_Guava,C,0.0,False
Y_Patch23_Mango,C,0.0,False
Y_Patch23_Orange,C,0.0,False
Y_Patch23_Papaya,C,0.0,False
Y_Patch23_Watermelon,C,0.0,False
Y_Patch23_Chickpeas,C,0.0,False
Y_Patch23_Peanuts,C,0.0,False
Y_Patch23_Tempeh,C,0.0,False
Y_Patch23_Tofu,C,0.0,False
Y_Patch23_Corn,C,0.0,False
Y_Patch23_Potato,C,0.0,False
Y_Patch23_Cabbage,C,0.0,False
Y_Patch23_Cucumber,C,0.0,False
Y_Patch23_Eggplant,C,0.0,False
Y_Patch23_Long_bean,C,0.0,False
Y_Patch23_Pumpkin,C,0.0,False
Y_Patch23_Spinach,C,1.0,False
Y_Patch23_Tomatoes,C,0.0,False
Y_Patch24_Beef,C,0.0,False
Y_Patch24_Chicken,C,0.0,False
Y_Patch24_Egg,C,0.0,False
Y_Patch24_Lamb,C,0.0,False
Y_Patch24_Pork,C,0.0,False
Y_Patch24_Apple,C,0.0,False
Y_Patch24_Avocado,C,0.0,False
Y_Patch24_Banana,C,0.0,False
Y_Patch24_Durian,C,0.0,False
Y_Patch24_Guava,C,0.0,False
Y_Patch24_Mango,C,0.0,False
Y_Patch24_Orange,C,0.0,False
Y_Patch24_Papaya,C,0.0,False
Y_Patch24_Watermelon,C,0.0,False
Y_Patch24_Chickpeas,C,0.0,False
Y_Patch24_Peanuts,C,0.0,False
Y_Patch24_Tempeh,C,0.0,False
Y_Patch24_Tofu,C,0.0,False
Y_Patch24_Corn,C,0.0,False
Y_Patch24_Potato,C,0.0,False
Y_Patch24_Cabbage,C,0.0,False
Y_Patch24_Cucumber,C,0.0,False
Y_Patch24_Eggplant,C,0.0,False
Y_Patch24_Long_bean,C,0.0,False
Y_Patch24_Pumpkin,C,0.0,False
Y_Patch24_Spinach,C,1.0,False
Y_Patch24_Tomatoes,C,0.0,False
Y_Patch25_Beef,C,0.0,False
Y_Patch25_Chicken,C,0.0,False
Y_Patch25_Egg,C,0.0,False
Y_Patch25_Lamb,C,0.0,False
Y_Patch25_Pork,C,1.0,False
Y_Patch25_Apple,C,0.0,False
Y_Patch25_Avocado,C,0.0,False
Y_Patch25_Banana,C,0.0,False
Y_Patch25_Durian,C,0.0,False
Y_Patch25_Guava,C,0.0,False
Y_Patch25_Mango,C,0.0,False
Y_Patch25_Orange,C,0.0,False
Y_Patch25_Papaya,C,0.0,False
Y_Patch25_Watermelon,C,0.0,False
Y_Patch25_Chickpeas,C,0.0,False
Y_Patch25_Peanuts,C,0.0,False
Y_Patch25_Tempeh,C,0.0,False
Y_Patch25_Tofu,C,0.0,False
Y_Patch25_Corn,C,0.0,False
Y_Patch25_Potato,C,0.0,False
Y_Patch25_Cabbage,C,0.0,False
Y_Patch25_Cucumber,C,0.0,False
Y_Patch25_Eggplant,C,0.0,False
Y_Patch25_Long_bean,C,0.0,False
Y_Patch25_Pumpkin,C,0.0,False
Y_Patch25_Spinach,C,0.0,False
Y_Patch25_Tomatoes,C,0.0,False
Y_Patch26_Beef,C,0.0,False
Y_Patch26_Chicken,C,0.0,False
Y_Patch26_Egg,C,0.0,False
Y_Patch26_Lamb,C,0.0,False
Y_Patch26_Pork,C,0.0,False
Y_Patch26_Apple,C,0.0,False
Y_Patch26_Avocado,C,0.0,False
Y_Patch26_Banana,C,0.0,False
Y_Patch26_Durian,C,0.0,False
Y_Patch26_Guava,C,0.0,False
Y_Patch26_Mango,C,0.0,False
Y_Patch26_Orange,C,0.0,False
Y_Patch26_Papaya,C,0.0,False
Y_Patch26_Watermelon,C,0.0,False
Y_Patch26_Chickpeas,C,0.0,False
Y_Patch26_Peanuts,C,0.0,False
Y_Patch26_Tempeh,C,0.0,False
Y_Patch26_Tofu,C,0.0,False
Y_Patch26_Corn,C,0.0,False
Y_Patch26_Potato,C,0.0,False
Y_Patch26_Cabbage,C,0.0,False
Y_Patch26_Cucumber,C,0.0,False
Y_Patch26_Eggplant,C,0.0,False
Y_Patch26_Long_bean,C,0.0,False
Y_Patch26_Pumpkin,C,0.0,False
Y_Patch26_Spinach,C,1.0,False
Y_Patch26_Tomatoes,C,0.0,False
Y_Patch27_Beef,C,0.0,False
Y_Patch27_Chicken,C,0.0,False
Y_Patch27_Egg,C,0.0,False
Y_Patch27_Lamb,C,0.0,False
Y_Patch27_Pork,C,0.0,False
Y_Patch27_Apple,C,0.0,False
Y_Patch27_Avocado,C,0.0,False
Y_Patch27_Banana,C,0.0,False
Y_Patch27_Durian,C,0.0,False
Y_Patch27_Guava,C,0.0,False
Y_Patch27_Mango,C,0.0,False
Y_Patch27_Orange,C,0.0,False
Y_Patch27_Papaya,C,0.0,False
Y_Patch27_Watermelon,C,0.0,False
Y_Patch27_Chickpeas,C,0.0,False
Y_Patch27_Peanuts,C,0.0,False
Y_Patch27_Tempeh,C,0.0,False
Y_Patch27_Tofu,C,0.0,False
Y_Patch27_Corn,C,0.0,False
Y_Patch27_Potato,C,0.0,False
Y_Patch27_Cabbage,C,0.0,False
Y_Patch27_Cucumber,C,0.0,False
Y_Patch27_Eggplant,C,0.0,False
Y_Patch27_Long_bean,C,0.0,False
Y_Patch27_Pumpkin,C,0.0,False
Y_Patch27_Spinach,C,1.0,False
Y_Patch27_Tomatoes,C,0.0,False
Y_Patch28_Beef,C,0.0,False
Y_Patch28_Chicken,C,0.0,False
Y_Patch28_Egg,C,0.0,False
Y_Patch28_Lamb,C,0.0,False
Y_Patch28_Pork,C,0.0,False
Y_Patch28_Apple,C,0.0,False
Y_Patch28_Avocado,C,0.0,False
Y_Patch28_Banana,C,0.0,False
Y_Patch28_Durian,C,0.0,False
Y_Patch28_Guava,C,0.0,False
Y_Patch28_Mango,C,0.0,False
Y_Patch28_Orange,C,0.0,False
Y_Patch28_Papaya,C,0.0,False
Y_Patch28_Watermelon,C,0.0,False
Y_Patch28_Chickpeas,C,0.0,False
Y_Patch28_Peanuts,C,0.0,False
Y_Patch28_Tempeh,C,0.0,False
Y_Patch28_Tofu,C,0.0,False
Y_Patch28_Corn,C,0.0,False
Y_Patch28_Potato,C,0.0,False
Y_Patch28_Cabbage,C,0.0,False
Y_Patch28_Cucumber,C,0.0,False
Y_Patch28_Eggplant,C,0.0,False
Y_Patch28_Long_bean,C,0.0,False
Y_Patch28_Pumpkin,C,0.0,False
Y_Patch28_Spinach,C,1.0,False
Y_Patch28_Tomatoes,C,0.0,False
Y_Patch29_Beef,C,0.0,False
Y_Patch29_Chicken,C,0.0,False
Y_Patch29_Egg,C,0.0,False
Y_Patch29_Lamb,C,0.0,False
Y_Patch29_Pork,C,0.0,False
Y_Patch29_Apple,C,0.0,False
Y_Patch29_Avocado,C,0.0,False
Y_Patch29_Banana,C,0.0,False
Y_Patch29_Durian,C,0.0,False
Y_Patch29_Guava,C,0.0,False
Y_Patch29_Mango,C,0.0,False
Y_Patch29_Orange,C,0.0,False
Y_Patch29_Papaya,C,0.0,False
Y_Patch29_Watermelon,C,0.0,False
Y_Patch29_Chickpeas,C,0.0,False
Y_Patch29_Peanuts,C,0.0,False
Y_Patch29_Tempeh,C,0.0,False
Y_Patch29_Tofu,C,0.0,False
Y_Patch29_Corn,C,0.0,False
Y_Patch29_Potato,C,0.0,False
Y_Patch29_Cabbage,C,0.0,False
Y_Patch29_Cucumber,C,0.0,False
Y_Patch29_Eggplant,C,0.0,False
Y_Patch29_Long_bean,C,0.0,False
Y_Patch29_Pumpkin,C,0.0,False
Y_Patch29_Spinach,C,1.0,False
Y_Patch29_Tomatoes,C,0.0,False
Y_Patch30_Beef,C,0.0,False
Y_Patch30_Chicken,C,0.0,False
Y_Patch30_Egg,C,0.0,False
Y_Patch30_Lamb,C,0.0,False
Y_Patch30_Pork,C,0.0,False
Y_Patch30_Apple,C,0.0,False
Y_Patch30_Avocado,C,0.0,False
Y_Patch30_Banana,C,0.0,False
Y_Patch30_Durian,C,0.0,False
Y_Patch30_Guava,C,0.0,False
Y_Patch30_Mango,C,0.0,False
Y_Patch30_Orange,C,0.0,False
Y_Patch30_Papaya,C,0.0,False
Y_Patch30_Watermelon,C,0.0,False
Y_Patch30_Chickpeas,C,0.0,False
Y_Patch30_Peanuts,C,0.0,False
Y_Patch30_Tempeh,C,0.0,False
Y_Patch30_Tofu,C,0.0,False
Y_Patch30_Corn,C,0.0,False
Y_Patch30_Potato,C,0.0,False
Y_Patch30_Cabbage,C,0.0,False
Y_Patch30_Cucumber,C,0.0,False
Y_Patch30_Eggplant,C,0.0,False
Y_Patch30_Long_bean,C,0.0,False
Y_Patch30_Pumpkin,C,0.0,False
Y_Patch30_Spinach,C,1.0,False
Y_Patch30_Tomatoes,C,0.0,False
Y_Patch31_Beef,C,0.0,False
Y_Patch31_Chicken,C,0.0,False
Y_Patch31_Egg,C,0.0,False
Y_Patch31_Lamb,C,0.0,False
Y_Patch31_Pork,C,0.0,False
Y_Patch31_Apple,C,0.0,False
Y_Patch31_Avocado,C,0.0,False
Y_Patch31_Banana,C,0.0,False
Y_Patch31_Durian,C,0.0,False
Y_Patch31_Guava,C,0.0,False
Y_Patch31_Mango,C,0.0,False
Y_Patch31_Orange,C,0.0,False
Y_Patch31_Papaya,C,0.0,False
Y_Patch31_Watermelon,C,0.0,False
Y_Patch31_Chickpeas,C,0.0,False
Y_Patch31_Peanuts,C,0.0,False
Y_Patch31_Tempeh,C,0.0,False
Y_Patch31_Tofu,C,0.0,False
Y_Patch31_Corn,C,0.0,False
Y_Patch31_Potato,C,0.0,False
Y_Patch31_Cabbage,C,0.0,False
Y_Patch31_Cucumber,C,0.0,False
Y_Patch31_Eggplant,C,0.0,False
Y_Patch31_Long_bean,C,0.0,False
Y_Patch31_Pumpkin,C,0.0,False
Y_Patch31_Spinach,C,1.0,False
Y_Patch31_Tomatoes,C,0.0,False
Y_Patch32_Beef,C,0.0,False
Y_Patch32_Chicken,C,0.0,False
Y_Patch32_Egg,C,0.0,False
Y_Patch32_Lamb,C,0.0,False
Y_Patch32_Pork,C,0.0,False
Y_Patch32_Apple,C,0.0,False
Y_Patch32_Avocado,C,0.0,False
Y_Patch32_Banana,C,0.0,False
Y_Patch32_Durian,C,0.0,False
Y_Patch32_Guava,C,0.0,False
Y_Patch32_Mango,C,0.0,False
Y_Patch32_Orange,C,0.0,False
Y_Patch32_Papaya,C,0.0,False
Y_Patch32_Watermelon,C,0.0,False
Y_Patch32_Chickpeas,C,0.0,False
Y_Patch32_Peanuts,C,0.0,False
Y_Patch32_Tempeh,C,0.0,False
Y_Patch32_Tofu,C,0.0,False
Y_Patch32_Corn,C,0.0,False
Y_Patch32_Potato,C,0.0,False
Y_Patch32_Cabbage,C,0.0,False
Y_Patch32_Cucumber,C,0.0,False
Y_Patch32_Eggplant,C,0.0,False
Y_Patch32_Long_bean,C,0.0,False
Y_Patch32_Pumpkin,C,0.0,False
Y_Patch32_Spinach,C,1.0,False
Y_Patch32_Tomatoes,C,0.0,False
Y_Patch33_Beef,C,0.0,False
Y_Patch33_Chicken,C,0.0,False
Y_Patch33_Egg,C,0.0,False
Y_Patch33_Lamb,C,0.0,False
Y_Patch33_Pork,C,0.0,False
Y_Patch33_Apple,C,0.0,False
Y_Patch33_Avocado,C,0.0,False
Y_Patch33_Banana,C,0.0,False
Y_Patch33_Durian,C,0.0,False
Y_Patch33_Guava,C,0.0,False
Y_Patch33_Mango,C,0.0,False
Y_Patch33_Orange,C,0.0,False
Y_Patch33_Papaya,C,0.0,False
Y_Patch33_Watermelon,C,0.0,False
Y_Patch33_Chickpeas,C,0.0,False
Y_Patch33_Peanuts,C,0.0,False
Y_Patch33_Tempeh,C,0.0,False
Y_Patch33_Tofu,C,0.0,False
Y_Patch33_Corn,C,0.0,False
Y_Patch33_Potato,C,0.0,False
Y_Patch33_Cabbage,C,0.0,False
Y_Patch33_Cucumber,C,0.0,False
Y_Patch33_Eggplant,C,0.0,False
Y_Patch33_Long_bean,C,0.0,False
Y_Patch33_Pumpkin,C,0.0,False
Y_Patch33_Spinach,C,1.0,False
Y_Patch33_Tomatoes,C,0.0,False
Y_Patch34_Beef,C,0.0,False
Y_Patch34_Chicken,C,0.0,False
Y_Patch34_Egg,C,0.0,False
Y_Patch34_Lamb,C,0.0,False
Y_Patch34_Pork,C,0.0,False
Y_Patch34_Apple,C,0.0,False
Y_Patch34_Avocado,C,0.0,False
Y_Patch34_Banana,C,0.0,False
Y_Patch34_Durian,C,0.0,False
Y_Patch34_Guava,C,0.0,False
Y_Patch34_Mango,C,0.0,False
Y_Patch34_Orange,C,0.0,False
Y_Patch34_Papaya,C,0.0,False
Y_Patch34_Watermelon,C,0.0,False
Y_Patch34_Chickpeas,C,0.0,False
Y_Patch34_Peanuts,C,0.0,False
Y_Patch34_Tempeh,C,0.0,False
Y_Patch34_Tofu,C,0.0,False
Y_Patch34_Corn,C,0.0,False
Y_Patch34_Potato,C,0.0,False
Y_Patch34_Cabbage,C,0.0,False
Y_Patch34_Cucumber,C,0.0,False
Y_Patch34_Eggplant,C,0.0,False
Y_Patch34_Long_bean,C,0.0,False
Y_Patch34_Pumpkin,C,0.0,False
Y_Patch34_Spinach,C,1.0,False
Y_Patch34_Tomatoes,C,0.0,False
Y_Patch35_Beef,C,0.0,False
Y_Patch35_Chicken,C,0.0,False
Y_Patch35_Egg,C,0.0,False
Y_Patch35_Lamb,C,0.0,False
Y_Patch35_Pork,C,0.0,False
Y_Patch35_Apple,C,0.0,False
Y_Patch35_Avocado,C,0.0,False
Y_Patch35_Banana,C,0.0,False
Y_Patch35_Durian,C,0.0,False
Y_Patch35_Guava,C,0.0,False
Y_Patch35_Mango,C,0.0,False
Y_Patch35_Orange,C,0.0,False
Y_Patch35_Papaya,C,0.0,False
Y_Patch35_Watermelon,C,0.0,False
Y_Patch35_Chickpeas,C,0.0,False
Y_Patch35_Peanuts,C,0.0,False
Y_Patch35_Tempeh,C,0.0,False
Y_Patch35_Tofu,C,0.0,False
Y_Patch35_Corn,C,0.0,False
Y_Patch35_Potato,C,0.0,False
Y_Patch35_Cabbage,C,0.0,False
Y_Patch35_Cucumber,C,0.0,False
Y_Patch35_Eggplant,C,0.0,False
Y_Patch35_Long_bean,C,0.0,False
Y_Patch35_Pumpkin,C,0.0,False
Y_Patch35_Spinach,C,1.0,False
Y_Patch35_Tomatoes,C,0.0,False
Y_Patch36_Beef,C,0.0,False
Y_Patch36_Chicken,C,0.0,False
Y_Patch36_Egg,C,0.0,False
Y_Patch36_Lamb,C,0.0,False
Y_Patch36_Pork,C,0.0,False
Y_Patch36_Apple,C,0.0,False
Y_Patch36_Avocado,C,0.0,False
Y_Patch36_Banana,C,0.0,False
Y_Patch36_Durian,C,0.0,False
Y_Patch36_Guava,C,0.0,False
Y_Patch36_Mango,C,0.0,False
Y_Patch36_Orange,C,0.0,False
Y_Patch36_Papaya,C,0.0,False
Y_Patch36_Watermelon,C,0.0,False
Y_Patch36_Chickpeas,C,0.0,False
Y_Patch36_Peanuts,C,0.0,False
Y_Patch36_Tempeh,C,0.0,False
Y_Patch36_Tofu,C,0.0,False
Y_Patch36_Corn,C,0.0,False
Y_Patch36_Potato,C,0.0,False
Y_Patch36_Cabbage,C,0.0,False
Y_Patch36_Cucumber,C,0.0,False
Y_Patch36_Eggplant,C,0.0,False
Y_Patch36_Long_bean,C,0.0,False
Y_Patch36_Pumpkin,C,0.0,False
Y_Patch36_Spinach,C,1.0,False
Y_Patch36_Tomatoes,C,0.0,False
Y_Patch37_Beef,C,0.0,False
Y_Patch37_Chicken,C,0.0,False
Y_Patch37_Egg,C,0.0,False
Y_Patch37_Lamb,C,0.0,False
Y_Patch37_Pork,C,0.0,False
Y_Patch37_Apple,C,0.0,False
Y_Patch37_Avocado,C,0.0,False
Y_Patch37_Banana,C,0.0,False
Y_Patch37_Durian,C,0.0,False
Y_Patch37_Guava,C,0.0,False
Y_Patch37_Mango,C,0.0,False
Y_Patch37_Orange,C,0.0,False
Y_Patch37_Papaya,C,0.0,False
Y_Patch37_Watermelon,C,0.0,False
Y_Patch37_Chickpeas,C,0.0,False
Y_Patch37_Peanuts,C,0.0,False
Y_Patch37_Tempeh,C,0.0,False
Y_Patch37_Tofu,C,0.0,False
Y_Patch37_Corn,C,0.0,False
Y_Patch37_Potato,C,0.0,False
Y_Patch37_Cabbage,C,0.0,False
Y_Patch37_Cucumber,C,0.0,False
Y_Patch37_Eggplant,C,0.0,False
Y_Patch37_Long_bean,C,0.0,False
Y_Patch37_Pumpkin,C,0.0,False
Y_Patch37_Spinach,C,1.0,False
Y_Patch37_Tomatoes,C,0.0,False
Y_Patch38_Beef,C,0.0,False
Y_Patch38_Chicken,C,0.0,False
Y_Patch38_Egg,C,0.0,False
Y_Patch38_Lamb,C,0.0,False
Y_Patch38_Pork,C,0.0,False
Y_Patch38_Apple,C,0.0,False
Y_Patch38_Avocado,C,0.0,False
Y_Patch38_Banana,C,0.0,False
Y_Patch38_Durian,C,0.0,False
Y_Patch38_Guava,C,0.0,False
Y_Patch38_Mango,C,0.0,False
Y_Patch38_Orange,C,0.0,False
Y_Patch38_Papaya,C,0.0,False
Y_Patch38_Watermelon,C,0.0,False
Y_Patch38_Chickpeas,C,0.0,False
Y_Patch38_Peanuts,C,0.0,False
Y_Patch38_Tempeh,C,0.0,False
Y_Patch38_Tofu,C,0.0,False
Y_Patch38_Corn,C,0.0,False
Y_Patch38_Potato,C,0.0,False
Y_Patch38_Cabbage,C,0.0,False
Y_Patch38_Cucumber,C,0.0,False
Y_Patch38_Eggplant,C,0.0,False
Y_Patch38_Long_bean,C,0.0,False
Y_Patch38_Pumpkin,C,0.0,False
Y_Patch38_Spinach,C,1.0,False
Y_Patch38_Tomatoes,C,0.0,False
Y_Patch39_Beef,C,0.0,False
Y_Patch39_Chicken,C,0.0,False
Y_Patch39_Egg,C,0.0,False
Y_Patch39_Lamb,C,0.0,False
Y_Patch39_Pork,C,0.0,False
Y_Patch39_Apple,C,0.0,False
Y_Patch39_Avocado,C,0.0,False
Y_Patch39_Banana,C,0.0,False
Y_Patch39_Durian,C,0.0,False
Y_Patch39_Guava,C,0.0,False
Y_Patch39_Mango,C,0.0,False
Y_Patch39_Orange,C,0.0,False
Y_Patch39_Papaya,C,0.0,False
Y_Patch39_Watermelon,C,0.0,False
Y_Patch39_Chickpeas,C,0.0,False
Y_Patch39_Peanuts,C,0.0,False
Y_Patch39_Tempeh,C,0.0,False
Y_Patch39_Tofu,C,0.0,False
Y_Patch39_Corn,C,0.0,False
Y_Patch39_Potato,C,0.0,False
Y_Patch39_Cabbage,C,0.0,False
Y_Patch39_Cucumber,C,0.0,False
Y_Patch39_Eggplant,C,0.0,False
Y_Patch39_Long_bean,C,0.0,False
Y_Patch39_Pumpkin,C,0.0,False
Y_Patch39_Spinach,C,1.0,False
Y_Patch39_Tomatoes,C,0.0,False
Y_Patch40_Beef,C,0.0,False
Y_Patch40_Chicken,C,0.0,False
Y_Patch40_Egg,C,0.0,False
Y_Patch40_Lamb,C,0.0,False
Y_Patch40_Pork,C,0.0,False
Y_Patch40_Apple,C,0.0,False
Y_Patch40_Avocado,C,0.0,False
Y_Patch40_Banana,C,0.0,False
Y_Patch40_Durian,C,0.0,False
Y_Patch40_Guava,C,0.0,False
Y_Patch40_Mango,C,0.0,False
Y_Patch40_Orange,C,0.0,False
Y_Patch40_Papaya,C,0.0,False
Y_Patch40_Watermelon,C,0.0,False
Y_Patch40_Chickpeas,C,0.0,False
Y_Patch40_Peanuts,C,0.0,False
Y_Patch40_Tempeh,C,0.0,False
Y_Patch40_Tofu,C,0.0,False
Y_Patch40_Corn,C,0.0,False
Y_Patch40_Potato,C,0.0,False
Y_Patch40_Cabbage,C,0.0,False
Y_Patch40_Cucumber,C,0.0,False
Y_Patch40_Eggplant,C,0.0,False
Y_Patch40_Long_bean,C,0.0,False
Y_Patch40_Pumpkin,C,0.0,False
Y_Patch40_Spinach,C,1.0,False
Y_Patch40_Tomatoes,C,0.0,False
Y_Patch41_Beef,C,0.0,False
Y_Patch41_Chicken,C,0.0,False
Y_Patch41_Egg,C,0.0,False
Y_Patch41_Lamb,C,0.0,False
Y_Patch41_Pork,C,0.0,False
Y_Patch41_Apple,C,0.0,False
Y_Patch41_Avocado,C,0.0,False
Y_Patch41_Banana,C,0.0,False
Y_Patch41_Durian,C,0.0,False
Y_Patch41_Guava,C,0.0,False
Y_Patch41_Mango,C,0.0,False
Y_Patch41_Orange,C,0.0,False
Y_Patch41_Papaya,C,0.0,False
Y_Patch41_Watermelon,C,0.0,False
Y_Patch41_Chickpeas,C,0.0,False
Y_Patch41_Peanuts,C,0.0,False
Y_Patch41_Tempeh,C,0.0,False
Y_Patch41_Tofu,C,0.0,False
Y_Patch41_Corn,C,0.0,False
Y_Patch41_Potato,C,0.0,False
Y_Patch41_Cabbage,C,0.0,False
Y_Patch41_Cucumber,C,0.0,False
Y_Patch41_Eggplant,C,0.0,False
Y_Patch41_Long_bean,C,0.0,False
Y_Patch41_Pumpkin,C,0.0,False
Y_Patch41_Spinach,C,1.0,False
Y_Patch41_Tomatoes,C,0.0,False
Y_Patch42_Beef,C,0.0,False
Y_Patch42_Chicken,C,0.0,False
Y_Patch42_Egg,C,0.0,False
Y_Patch42_Lamb,C,0.0,False
Y_Patch42_Pork,C,0.0,False
Y_Patch42_Apple,C,0.0,False
Y_Patch42_Avocado,C,0.0,False
Y_Patch42_Banana,C,0.0,False
Y_Patch42_Durian,C,0.0,False
Y_Patch42_Guava,C,0.0,False
Y_Patch42_Mango,C,0.0,False
Y_Patch42_Orange,C,0.0,False
Y_Patch42_Papaya,C,0.0,False
Y_Patch42_Watermelon,C,0.0,False
Y_Patch42_Chickpeas,C,0.0,False
Y_Patch42_Peanuts,C,0.0,False
Y_Patch42_Tempeh,C,0.0,False
Y_Patch42_Tofu,C,0.0,False
Y_Patch42_Corn,C,0.0,False
Y_Patch42_Potato,C,0.0,False
Y_Patch42_Cabbage,C,0.0,False
Y_Patch42_Cucumber,C,0.0,False
Y_Patch42_Eggplant,C,0.0,False
Y_Patch42_Long_bean,C,0.0,False
Y_Patch42_Pumpkin,C,0.0,False
Y_Patch42_Spinach,C,1.0,False
Y_Patch42_Tomatoes,C,0.0,False
Y_Patch43_Beef,C,0.0,False
Y_Patch43_Chicken,C,0.0,False
Y_Patch43_Egg,C,0.0,False
Y_Patch43_Lamb,C,0.0,False
Y_Patch43_Pork,C,0.0,False
Y_Patch43_Apple,C,0.0,False
Y_Patch43_Avocado,C,0.0,False
Y_Patch43_Banana,C,0.0,False
Y_Patch43_Durian,C,0.0,False
Y_Patch43_Guava,C,0.0,False
Y_Patch43_Mango,C,0.0,False
Y_Patch43_Orange,C,0.0,False
Y_Patch43_Papaya,C,0.0,False
Y_Patch43_Watermelon,C,0.0,False
Y_Patch43_Chickpeas,C,0.0,False
Y_Patch43_Peanuts,C,0.0,False
Y_Patch43_Tempeh,C,0.0,False
Y_Patch43_Tofu,C,0.0,False
Y_Patch43_Corn,C,0.0,False
Y_Patch43_Potato,C,0.0,False
Y_Patch43_Cabbage,C,0.0,False
Y_Patch43_Cucumber,C,0.0,False
Y_Patch43_Eggplant,C,0.0,False
Y_Patch43_Long_bean,C,0.0,False
Y_Patch43_Pumpkin,C,0.0,False
Y_Patch43_Spinach,C,1.0,False
Y_Patch43_Tomatoes,C,0.0,False
Y_Patch44_Beef,C,0.0,False
Y_Patch44_Chicken,C,0.0,False
Y_Patch44_Egg,C,0.0,False
Y_Patch44_Lamb,C,0.0,False
Y_Patch44_Pork,C,0.0,False
Y_Patch44_Apple,C,0.0,False
Y_Patch44_Avocado,C,0.0,False
Y_Patch44_Banana,C,0.0,False
Y_Patch44_Durian,C,0.0,False
Y_Patch44_Guava,C,0.0,False
Y_Patch44_Mango,C,0.0,False
Y_Patch44_Orange,C,0.0,False
Y_Patch44_Papaya,C,0.0,False
Y_Patch44_Watermelon,C,0.0,False
Y_Patch44_Chickpeas,C,0.0,False
Y_Patch44_Peanuts,C,0.0,False
Y_Patch44_Tempeh,C,0.0,False
Y_Patch44_Tofu,C,0.0,False
Y_Patch44_Corn,C,0.0,False
Y_Patch44_Potato,C,0.0,False
Y_Patch44_Cabbage,C,0.0,False
Y_Patch44_Cucumber,C,0.0,False
Y_Patch44_Eggplant,C,0.0,False
Y_Patch44_Long_bean,C,0.0,False
Y_Patch44_Pumpkin,C,0.0,False
Y_Patch44_Spinach,C,1.0,False
Y_Patch44_Tomatoes,C,0.0,False
Y_Patch45_Beef,C,0.0,False
Y_Patch45_Chicken,C,0.0,False
Y_Patch45_Egg,C,0.0,False
Y_Patch45_Lamb,C,0.0,False
Y_Patch45_Pork,C,0.0,False
Y_Patch45_Apple,C,0.0,False
Y_Patch45_Avocado,C,0.0,False
Y_Patch45_Banana,C,0.0,False
Y_Patch45_Durian,C,0.0,False
Y_Patch45_Guava,C,0.0,False
Y_Patch45_Mango,C,0.0,False
Y_Patch45_Orange,C,0.0,False
Y_Patch45_Papaya,C,0.0,False
Y_Patch45_Watermelon,C,0.0,False
Y_Patch45_Chickpeas,C,0.0,False
Y_Patch45_Peanuts,C,0.0,False
Y_Patch45_Tempeh,C,0.0,False
Y_Patch45_Tofu,C,0.0,False
Y_Patch45_Corn,C,0.0,False
Y_Patch45_Potato,C,0.0,False
Y_Patch45_Cabbage,C,0.0,False
Y_Patch45_Cucumber,C,0.0,False
Y_Patch45_Eggplant,C,0.0,False
Y_Patch45_Long_bean,C,0.0,False
Y_Patch45_Pumpkin,C,0.0,False
Y_Patch45_Spinach,C,1.0,False
Y_Patch45_Tomatoes,C,0.0,False
Y_Patch46_Beef,C,0.0,False
Y_Patch46_Chicken,C,0.0,False
Y_Patch46_Egg,C,0.0,False
Y_Patch46_Lamb,C,0.0,False
Y_Patch46_Pork,C,0.0,False
Y_Patch46_Apple,C,0.0,False
Y_Patch46_Avocado,C,0.0,False
Y_Patch46_Banana,C,0.0,False
Y_Patch46_Durian,C,0.0,False
Y_Patch46_Guava,C,0.0,False
Y_Patch46_Mango,C,0.0,False
Y_Patch46_Orange,C,0.0,False
Y_Patch46_Papaya,C,0.0,False
Y_Patch46_Watermelon,C,0.0,False
Y_Patch46_Chickpeas,C,0.0,False
Y_Patch46_Peanuts,C,0.0,False
Y_Patch46_Tempeh,C,0.0,False
Y_Patch46_Tofu,C,0.0,False
Y_Patch46_Corn,C,0.0,False
Y_Patch46_Potato,C,0.0,False
Y_Patch46_Cabbage,C,0.0,False
Y_Patch46_Cucumber,C,0.0,False
Y_Patch46_Eggplant,C,0.0,False
Y_Patch46_Long_bean,C,0.0,False
Y_Patch46_Pumpkin,C,0.0,False
Y_Patch46_Spinach,C,1.0,False
Y_Patch46_Tomatoes,C,0.0,False
Y_Patch47_Beef,C,0.0,False
Y_Patch47_Chicken,C,0.0,False
Y_Patch47_Egg,C,0.0,False
Y_Patch47_Lamb,C,0.0,False
Y_Patch47_Pork,C,0.0,False
Y_Patch47_Apple,C,0.0,False
Y_Patch47_Avocado,C,0.0,False
Y_Patch47_Banana,C,0.0,False
Y_Patch47_Durian,C,0.0,False
Y_Patch47_Guava,C,0.0,False
Y_Patch47_Mango,C,0.0,False
Y_Patch47_Orange,C,0.0,False
Y_Patch47_Papaya,C,0.0,False
Y_Patch47_Watermelon,C,0.0,False
Y_Patch47_Chickpeas,C,0.0,False
Y_Patch47_Peanuts,C,0.0,False
Y_Patch47_Tempeh,C,0.0,False
Y_Patch47_Tofu,C,0.0,False
Y_Patch47_Corn,C,0.0,False
Y_Patch47_Potato,C,0.0,False
Y_Patch47_Cabbage,C,0.0,False
Y_Patch47_Cucumber,C,0.0,False
Y_Patch47_Eggplant,C,0.0,False
Y_Patch47_Long_bean,C,0.0,False
Y_Patch47_Pumpkin,C,0.0,False
Y_Patch47_Spinach,C,1.0,False
Y_Patch47_Tomatoes,C,0.0,False
Y_Patch48_Beef,C,0.0,False
Y_Patch48_Chicken,C,0.0,False
Y_Patch48_Egg,C,0.0,False
Y_Patch48_Lamb,C,0.0,False
Y_Patch48_Pork,C,0.0,False
Y_Patch48_Apple,C,0.0,False
Y_Patch48_Avocado,C,0.0,False
Y_Patch48_Banana,C,0.0,False
Y_Patch48_Durian,C,0.0,False
Y_Patch48_Guava,C,0.0,False
Y_Patch48_Mango,C,0.0,False
Y_Patch48_Orange,C,0.0,False
Y_Patch48_Papaya,C,0.0,False
Y_Patch48_Watermelon,C,0.0,False
Y_Patch48_Chickpeas,C,0.0,False
Y_Patch48_Peanuts,C,0.0,False
Y_Patch48_Tempeh,C,0.0,False
Y_Patch48_Tofu,C,0.0,False
Y_Patch48_Corn,C,0.0,False
Y_Patch48_Potato,C,0.0,False
Y_Patch48_Cabbage,C,0.0,False
Y_Patch48_Cucumber,C,0.0,False
Y_Patch48_Eggplant,C,0.0,False
Y_Patch48_Long_bean,C,0.0,False
Y_Patch48_Pumpkin,C,0.0,False
Y_Patch48_Spinach,C,1.0,False
Y_Patch48_Tomatoes,C,0.0,False
Y_Patch49_Beef,C,0.0,False
Y_Patch49_Chicken,C,0.0,False
Y_Patch49_Egg,C,0.0,False
Y_Patch49_Lamb,C,0.0,False
Y_Patch49_Pork,C,0.0,False
Y_Patch49_Apple,C,0.0,False
Y_Patch49_Avocado,C,0.0,False
Y_Patch49_Banana,C,0.0,False
Y_Patch49_Durian,C,0.0,False
Y_Patch49_Guava,C,0.0,False
Y_Patch49_Mango,C,0.0,False
Y_Patch49_Orange,C,0.0,False
Y_Patch49_Papaya,C,0.0,False
Y_Patch49_Watermelon,C,0.0,False
Y_Patch49_Chickpeas,C,0.0,False
Y_Patch49_Peanuts,C,0.0,False
Y_Patch49_Tempeh,C,0.0,False
Y_Patch49_Tofu,C,0.0,False
Y_Patch49_Corn,C,0.0,False
Y_Patch49_Potato,C,0.0,False
Y_Patch49_Cabbage,C,0.0,False
Y_Patch49_Cucumber,C,0.0,False
Y_Patch49_Eggplant,C,0.0,False
Y_Patch49_Long_bean,C,0.0,False
Y_Patch49_Pumpkin,C,0.0,False
Y_Patch49_Spinach,C,1.0,False
Y_Patch49_Tomatoes,C,0.0,False
Y_Patch50_Beef,C,0.0,False
Y_Patch50_Chicken,C,0.0,False
Y_Patch50_Egg,C,0.0,False
Y_Patch50_Lamb,C,0.0,False
Y_Patch50_Pork,C,0.0,False
Y_Patch50_Apple,C,0.0,False
Y_Patch50_Avocado,C,0.0,False
Y_Patch50_Banana,C,0.0,False
Y_Patch50_Durian,C,0.0,False
Y_Patch50_Guava,C,1.0,False
Y_Patch50_Mango,C,0.0,False
Y_Patch50_Orange,C,0.0,False
Y_Patch50_Papaya,C,0.0,False
Y_Patch50_Watermelon,C,0.0,False
Y_Patch50_Chickpeas,C,0.0,False
Y_Patch50_Peanuts,C,0.0,False
Y_Patch50_Tempeh,C,0.0,False
Y_Patch50_Tofu,C,0.0,False
Y_Patch50_Corn,C,0.0,False
Y_Patch50_Potato,C,0.0,False
Y_Patch50_Cabbage,C,0.0,False
Y_Patch50_Cucumber,C,0.0,False
Y_Patch50_Eggplant,C,0.0,False
Y_Patch50_Long_bean,C,0.0,False
Y_Patch50_Pumpkin,C,0.0,False
Y_Patch50_Spinach,C,0.0,False
Y_Patch50_Tomatoes,C,0.0,False
U_Beef,C,0.0,False
U_Chicken,C,0.0,False
U_Egg,C,0.0,False
U_Lamb,C,0.0,False
U_Pork,C,1.0,False
U_Apple,C,0.0,False
U_Avocado,C,0.0,False
U_Banana,C,0.0,False
U_Durian,C,0.0,False
U_Guava,C,1.0,False
U_Mango,C,0.0,False
U_Orange,C,0.0,False
U_Papaya,C,0.0,False
U_Watermelon,C,0.0,False
U_Chickpeas,C,1.0,False
U_Peanuts,C,0.0,False
U_Tempeh,C,0.0,False
U_Tofu,C,0.0,False
U_Corn,C,0.0,False
U_Potato,C,1.0,False
U_Cabbage,C,0.0,False
U_Cucumber,C,0.0,False
U_Eggplant,C,0.0,False
U_Long_bean,C,0.0,False
U_Pumpkin,C,0.0,False
U_Spinach,C,1.0,False
U_Tomatoes,C,0.0,False
